종목명,종목코드,WICS,Change,H52WChange,기준봉일
써니전자,004770,전자장비와기기,1.25,80.55,20260909
샘표,007540,식품,0.0,54.42,20260911
삼익제약,014950,제약,15.49,58.32,20260915
라온시큐어,042510,소프트웨어,8.31,91.97,20260915
바이오니아,064550,생물공학,6.72,91.16,20260901
인피니트헬스케어,071200,건강관리기술,2.71,38.37,20260915
남화토건,091590,건설,4.05,72.62,20260902
앤씨앤,092600,전자제품,16.81,95.23,20260921
더코디,224060,건축자재,22.64,98.8,20260911
동양파일,228340,건축자재,9.28,67.22,20260908
아이티센피엔에스,232830,IT서비스,-0.68,75.34,20260917
아리바이오랩,261780,제약,4.41,75.37,20260917
이노메트리,302430,전기제품,3.21,75.77,20260909
넥사다이내믹스,351320,디스플레이장비및부품,6.0,36.1,20260910
블루엠텍,439580,건강관리업체및서비스,9.04,88.33,20260922
파인엠텍,441270,핸드셋,0.0,37.77,20260903
알트,459550,핸드셋,6.44,65.6,20260907
