종목코드,종목명,Date
000660,SK하이닉스,2026-06-02
000810,삼성화재,2026-06-02
005930,삼성전자,2026-06-02
017670,SK텔레콤,2026-06-02
028260,삼성물산,2026-06-02
032830,삼성생명,2026-06-02
036570,NC,2026-06-02
037560,LG헬로비전,2026-06-02
047080,한빛소프트,2026-06-02
064400,LG씨엔에스,2026-06-02
066570,LG전자,2026-06-02
090360,로보스타,2026-06-02
108490,로보티즈,2026-06-02
189330,씨이랩,2026-06-02
402340,SK스퀘어,2026-06-02
454910,두산로보틱스,2026-06-02
004170,신세계,2026-06-04
007810,코리아써키트,2026-06-04
032500,케이엠더블유,2026-06-04
033640,네패스,2026-06-04
036930,주성엔지니어링,2026-06-04
064290,인텍플러스,2026-06-04
069960,현대백화점,2026-06-04
192080,더블유게임즈,2026-06-04
023530,롯데쇼핑,2026-06-05
040350,크레오에스지,2026-06-05
055550,신한지주,2026-06-05
084370,유진테크,2026-06-05
085620,미래에셋생명,2026-06-05
089970,브이엠,2026-06-05
095610,테스,2026-06-05
105560,KB금융,2026-06-05
271830,팸텍,2026-06-05
319660,피에스케이,2026-06-05
457370,한켐,2026-06-05
001740,SK네트웍스,2026-06-08
0117P0,피스피스스튜디오,2026-06-08
126640,화신정공,2026-06-08
000430,대원강업,2026-06-09
160980,싸이맥스,2026-06-09
0017J0,세미티에스,2026-06-10
002220,한일철강,2026-06-10
031980,피에스케이홀딩스,2026-06-10
093370,후성,2026-06-10
170920,엘티씨,2026-06-10
383220,F&F,2026-06-10
016600,큐캐피탈,2026-06-11
131290,티에스이,2026-06-11
159010,아스플로,2026-06-11
183300,코미코,2026-06-11
219130,타이거일렉,2026-06-11
005950,이수화학,2026-06-12
025560,미래산업,2026-06-12
033780,KT&G,2026-06-12
039030,이오테크닉스,2026-06-12
074600,원익QnC,2026-06-12
200470,에이팩트,2026-06-12
222800,심텍,2026-06-12
240810,원익IPS,2026-06-12
241770,메카로,2026-06-12
252990,샘씨엔에스,2026-06-12
281820,케이씨텍,2026-06-12
403870,HPSP,2026-06-12
003490,대한항공,2026-06-15
005850,에스엘,2026-06-15
079650,서산,2026-06-15
089030,테크윙,2026-06-15
204320,HL만도,2026-06-15
298000,효성화학,2026-06-15
330860,네패스아크,2026-06-15
026910,광진실업,2026-06-16
053160,프리엠스,2026-06-16
086790,하나금융지주,2026-06-16
097780,에코볼트,2026-06-16
004710,한솔테크닉스,2026-06-17
010690,화신,2026-06-17
019210,와이지-원,2026-06-17
034730,SK,2026-06-17
122640,예스티,2026-06-17
347850,디앤디파마텍,2026-06-17
001820,삼화콘덴서,2026-06-18
009150,삼성전기,2026-06-18
052710,아모텍,2026-06-18
198440,강동씨앤엘,2026-06-18
041830,인바디,2026-06-19
091590,남화토건,2026-06-19
134060,이퓨쳐,2026-06-19
311320,지오엘리먼트,2026-06-19
320000,한울반도체,2026-06-19
000890,보해양조,2026-06-22
067290,JW신약,2026-06-22
080220,제주반도체,2026-06-22
420770,기가비스,2026-06-22
026940,부국철강,2026-06-23
045520,크린앤사이언스,2026-06-23
264900,크라운제과,2026-06-23
002070,비비안,2026-06-24
037710,광주신세계,2026-06-24
002990,금호건설,2026-06-25
111710,남화산업,2026-06-25
208640,썸에이지,2026-06-25
228340,동양파일,2026-06-25
010960,삼호개발,2026-06-26
038880,아이에이,2026-06-26
042040,케이피엠테크,2026-06-26
475430,키스트론,2026-06-26
048550,SM C&C,2026-06-29
153890,져스텍,2026-06-29
011560,세보엠이씨,2026-06-30
033560,블루콤,2026-06-30
121440,골프존홀딩스,2026-06-30
475040,스트라드비젼,2026-06-30
001210,금호전기,2026-07-01
0039P0,매드업,2026-07-01
045100,한양이엔지,2026-07-01
066980,한성크린텍,2026-07-01
001260,남광토건,2026-07-02
161890,한국콜마,2026-07-02
007680,대원,2026-07-03
122350,삼기,2026-07-03
005430,한국공항,2026-07-06
013120,동원개발,2026-07-06
365660,레몬헬스케어,2026-07-06
317400,자이에스앤디,2026-07-07
058730,다스코,2026-07-08
214330,금호에이치티,2026-07-08
021880,메이슨캐피탈,2026-07-09
263800,데이타솔루션,2026-07-09
003680,한성기업,2026-07-10
073240,금호타이어,2026-07-10
387690,레메디,2026-07-13
007720,소노스퀘어,2026-07-14
071200,인피니트헬스케어,2026-07-14
005360,모나미,2026-07-15
035610,솔본,2026-07-15
054940,엑사이엔씨,2026-07-15
094840,슈프리마에이치큐,2026-07-15
000020,동화약품,2026-07-16
089860,롯데렌탈,2026-07-16
009730,이렘,2026-07-20
078930,GS,2026-07-20
079940,가비아,2026-07-20
120240,대정화금,2026-07-21
457600,벡트,2026-07-21
065150,대산F&B,2026-07-22
348080,큐라티스,2026-07-22
475150,SK이터닉스,2026-07-22
093320,케이아이엔엑스,2026-07-23
004870,티웨이홀딩스,2026-07-24
0156T0,에이치엘지노믹스,2026-07-24
049720,고려신용정보,2026-07-24
069730,DSR제강,2026-07-24
119850,지엔씨에너지,2026-07-24
002810,삼영무역,2026-07-27
004780,대륙제관,2026-07-27
010400,우진아이엔에스,2026-07-27
0218L0,네오뷰,2026-07-27
155660,DSR,2026-07-27
013720,청보,2026-07-28
483650,달바글로벌,2026-07-29
002210,동성제약,2026-07-30
052460,아이크래프트,2026-08-03
001940,KISCO홀딩스,2026-08-04
008470,부스타,2026-08-04
014710,사조씨푸드,2026-08-04
083660,CSA 코스믹,2026-08-04
148780,비큐AI,2026-08-04
339950,아이비김영,2026-08-04
025890,한국주강,2026-08-05
236200,슈프리마,2026-08-05
001540,안국약품,2026-08-06
038540,상상인,2026-08-06
051160,지어소프트,2026-08-06
051900,LG생활건강,2026-08-06
080010,이상네트웍스,2026-08-06
222040,코스맥스엔비티,2026-08-07
226340,본느,2026-08-07
282330,BGF리테일,2026-08-07
340570,티앤엘,2026-08-07
044820,코스맥스비티아이,2026-08-10
051360,토비스,2026-08-10
092730,네오팜,2026-08-10
332370,아이디피,2026-08-10
453340,현대그린푸드,2026-08-10
001450,현대해상,2026-08-11
013700,까뮤이앤씨,2026-08-11
017890,한국알콜,2026-08-11
096530,씨젠,2026-08-11
144960,뉴파워프라즈마,2026-08-11
241710,코스메카코리아,2026-08-11
439090,마녀공장,2026-08-11
067770,세진티에스,2026-08-12
096760,JW홀딩스,2026-08-12
192820,코스맥스,2026-08-12
420570,제이투케이바이오,2026-08-12
483350,딜리셔스,2026-08-12
003350,한국화장품제조,2026-08-13
181710,NHN,2026-08-13
487400,케이앤에스아이앤씨,2026-08-13
003010,혜인,2026-08-14
007340,DN오토모티브,2026-08-14
092230,KPX홀딩스,2026-08-14
137080,나래나노텍,2026-08-14
003690,코리안리,2026-08-18
066620,국보디자인,2026-08-18
091440,한울소재과학,2026-08-18
065690,파커스,2026-08-19
090080,평화산업,2026-08-19
098120,마이크로컨텍솔,2026-08-19
005180,빙그레,2026-08-20
050120,ES큐브,2026-08-20
228850,레이언스,2026-08-21
282620,기도산업,2026-08-21
008930,한미사이언스,2026-08-24
020120,키다리스튜디오,2026-08-24
036800,나이스정보통신,2026-08-24
417030,니어스랩,2026-08-24
0155E0,해치텍,2026-08-25
0220W0,한화머시너리앤서비스홀딩스,2026-08-25
134580,탑코미디어,2026-08-25
123330,제닉,2026-08-26
280360,롯데웰푸드,2026-08-26
351320,넥사다이내믹스,2026-08-26
446070,유니드비티플러스,2026-08-27
012170,아센디오,2026-08-28
069330,유아이디,2026-08-28
004770,써니전자,2026-08-31
278470,에이피알,2026-09-01
