종목명,종목코드,WICS,Change,H52WChange,Date
현대그린푸드,453340,식품,-3.2699999809265137,5.210000038146973,2026-08-10
피에스케이홀딩스,031980,반도체와반도체장비,6.300000190734863,5.0,2026-09-15
샘씨엔에스,252990,반도체와반도체장비,5.130000114440918,3.8299999237060547,2026-09-14
SK디스커버리,006120,석유와가스,-2.2100000381469727,27.6200008392334,2026-10-06
타이거일렉,219130,반도체와반도체장비,9.770000457763672,0.4399999976158142,2026-09-29
KPX케미칼,025000,화학,0.5299999713897705,23.829999923706055,2026-09-14
뉴파워프라즈마,144960,반도체와반도체장비,-1.0800000429153442,9.670000076293945,2026-08-11
케이앤에스아이앤씨,487400,통신장비,0.0,37.47999954223633,2026-08-13
지니언스,263860,소프트웨어,20.829999923706055,17.829999923706055,2026-10-06
롯데렌탈,089860,도로와철도운송,5.940000057220459,29.719999313354492,2026-08-10
마이크로컨텍솔,098120,반도체와반도체장비,9.65999984741211,2.359999895095825,2026-08-19
스카이랩스,386380,건강관리기술,0.0,18.260000228881836,2026-09-04
혜인,003010,기계,29.889999389648438,21.850000381469727,2026-08-14
코스메카코리아,241710,화장품,15.15999984741211,6.340000152587891,2026-08-11
토비스,051360,디스플레이장비및부품,5.460000038146973,12.539999961853027,2026-08-10
딜리셔스,483350,IT서비스,0.0,30.15999984741211,2026-08-12
코스맥스,192820,화장품,18.809999465942383,13.069999694824219,2026-08-12
SFA반도체,036540,반도체와반도체장비,2.0399999618530273,7.170000076293945,2026-10-01
제닉,123330,화장품,7.449999809265137,30.920000076293945,2026-08-26
KPX홀딩스,092230,화학,7.389999866485596,25.600000381469727,2026-08-14
지엔씨에너지,119850,전기장비,3.059999942779541,3.049999952316284,2026-09-30
국보디자인,066620,건설,-3.369999885559082,22.450000762939453,2026-08-18
니어스랩,417030,우주항공과국방,0.0,31.790000915527344,2026-08-24
나이스정보통신,036800,상업서비스와공급품,7.139999866485596,27.229999542236328,2026-08-24
네오팜,092730,화장품,13.949999809265137,25.649999618530273,2026-08-10
해치텍,0155E0,반도체와반도체장비,0.0,34.90999984741211,2026-08-25
DN오토모티브,007340,자동차부품,19.110000610351562,3.9200000762939453,2026-08-14
와이즈플래닛컴퍼니,0010S0,가정용품,0.0,3.5399999618530273,2026-09-23
오킨스전자,080580,반도체와반도체장비,12.279999732971191,11.899999618530273,2026-10-02
디지털대성,068930,교육서비스,9.5,18.899999618530273,2026-09-22
티앤엘,340570,건강관리장비와용품,2.799999952316284,23.59000015258789,2026-08-07
한국공항,005430,운송인프라,10.649999618530273,2.8299999237060547,2026-10-01
아이디피,332370,컴퓨터와주변기기,2.1500000953674316,19.860000610351562,2026-08-10
한국화장품제조,003350,화장품,-3.0399999618530273,35.7400016784668,2026-08-13
에이피알,278470,화장품,-6.889999866485596,8.949999809265137,2026-09-01
케이씨,029460,반도체와반도체장비,7.989999771118164,0.8899999856948853,2026-09-21
엑시콘,092870,반도체와반도체장비,13.029999732971191,5.809999942779541,2026-09-23
한화머시너리앤서비스홀딩스,0220W0,복합기업,0.0,23.0,2026-08-25
브릴스,468670,기계,0.0,50.970001220703125,2026-10-01
디아이,003160,반도체와반도체장비,13.079999923706055,0.949999988079071,2026-10-01
한국알콜,017890,화학,6.130000114440918,30.6299991607666,2026-08-11
NHN,181710,IT서비스,8.8100004196167,11.5600004196167,2026-08-13
심텍,222800,전자장비와기기,4.699999809265137,2.2200000286102295,2026-10-02
덕산넵코어스,266690,우주항공과국방,0.0,37.349998474121094,2026-09-30
자이에스앤디,317400,건설,8.210000038146973,30.450000762939453,2026-08-13
넥사다이내믹스,351320,디스플레이장비및부품,16.3799991607666,28.700000762939453,2026-09-07
아스플로,159010,기계,3.5299999713897705,3.4800000190734863,2026-09-03
기도산업,282620,"섬유,의류,신발,호화품",0.0,37.02000045776367,2026-08-21
현대해상,001450,손해보험,7.440000057220459,11.369999885559082,2026-08-11
인텍플러스,064290,반도체와반도체장비,9.449999809265137,4.300000190734863,2026-09-22
코웨이,021240,가정용기기와용품,0.09000000357627869,6.28000020980835,2026-09-17
아이크래프트,052460,통신장비,11.199999809265137,33.79999923706055,2026-08-13
네오사피엔스,0161M0,소프트웨어,0.0,1.2899999618530273,2026-09-21
빅웨이브로보틱스,0035S0,IT서비스,0.0,50.16999816894531,2026-09-29
리파인,377450,상업서비스와공급품,1.2400000095367432,9.779999732971191,2026-09-14
글로벌테크놀로지,486510,반도체와반도체장비,0.0,38.7599983215332,2026-09-29
동아지질,028100,건설,3.049999952316284,38.06999969482422,2026-09-15
코리안리,003690,손해보험,-0.38999998569488525,1.7400000095367432,2026-08-18
유니퀘스트,077500,반도체와반도체장비,6.309999942779541,13.920000076293945,2026-09-28
메가터치,446540,전자장비와기기,15.470000267028809,6.519999980926514,2026-09-23
인제니아테라퓨틱스(Reg.S),950260,생물공학,0.0,0.0,2026-08-18
인피니트헬스케어,071200,건강관리기술,13.529999732971191,34.810001373291016,2026-09-15
