종목명,종목코드,WICS,Change,Date
가온전선,000500,전기장비,0.0,2026-10-07
디아이,003160,반도체와반도체장비,0.0,2026-10-01
디아이,003160,반도체와반도체장비,0.0,2026-10-02
디아이,003160,반도체와반도체장비,0.0,2026-10-08
한국화장품제조,003350,화장품,0.0,2026-10-07
한국공항,005430,운송인프라,0.0,2026-10-01
케이씨,029460,반도체와반도체장비,0.0,2026-10-07
피에스케이홀딩스,031980,반도체와반도체장비,0.0,2026-10-01
피에스케이홀딩스,031980,반도체와반도체장비,0.0,2026-10-02
피에스케이홀딩스,031980,반도체와반도체장비,0.0,2026-10-06
피에스케이홀딩스,031980,반도체와반도체장비,0.0,2026-10-07
피에스케이홀딩스,031980,반도체와반도체장비,0.0,2026-10-08
SFA반도체,036540,반도체와반도체장비,0.0,2026-10-01
SFA반도체,036540,반도체와반도체장비,0.0,2026-10-06
주성엔지니어링,036930,반도체와반도체장비,0.0,2026-10-07
인텍플러스,064290,반도체와반도체장비,0.0,2026-10-01
인텍플러스,064290,반도체와반도체장비,0.0,2026-10-02
엑시콘,092870,반도체와반도체장비,0.0,2026-10-01
엑시콘,092870,반도체와반도체장비,0.0,2026-10-06
마이크로컨텍솔,098120,반도체와반도체장비,0.0,2026-10-07
티에스이,131290,반도체와반도체장비,0.0,2026-10-07
뉴파워프라즈마,144960,반도체와반도체장비,0.0,2026-10-06
뉴파워프라즈마,144960,반도체와반도체장비,0.0,2026-10-08
아스플로,159010,기계,0.0,2026-10-01
아스플로,159010,기계,0.0,2026-10-02
아스플로,159010,기계,0.0,2026-10-06
아스플로,159010,기계,0.0,2026-10-08
코스맥스,192820,화장품,0.0,2026-10-07
타이거일렉,219130,반도체와반도체장비,0.0,2026-10-01
타이거일렉,219130,반도체와반도체장비,0.0,2026-10-02
타이거일렉,219130,반도체와반도체장비,0.0,2026-10-07
심텍,222800,전자장비와기기,0.0,2026-10-02
심텍,222800,전자장비와기기,0.0,2026-10-06
샘씨엔에스,252990,반도체와반도체장비,0.0,2026-10-01
케이씨텍,281820,반도체와반도체장비,0.0,2026-10-07
메가터치,446540,전자장비와기기,0.0,2026-10-01
메가터치,446540,전자장비와기기,0.0,2026-10-08
브릴스,468670,기계,0.0,2026-10-01
인제니아테라퓨틱스(Reg.S),950260,생물공학,0.0,2026-10-01
인제니아테라퓨틱스(Reg.S),950260,생물공학,0.0,2026-10-02
인제니아테라퓨틱스(Reg.S),950260,생물공학,0.0,2026-10-06
