종목명,종목코드,WICS,Change,H52WChange,count
마이크로컨텍솔,098120,반도체와반도체장비,-3.31,-7.14,10
케이씨텍,281820,반도체와반도체장비,0.81,-7.53,10
샘씨엔에스,252990,반도체와반도체장비,-4.09,-11.95,10
타이거일렉,219130,반도체와반도체장비,-2.65,-4.89,10
티에스이,131290,반도체와반도체장비,-1.58,-7.44,10
엑시콘,092870,반도체와반도체장비,0.76,-2.38,10
케이씨,029460,반도체와반도체장비,-2.22,-3.55,10
SFA반도체,036540,반도체와반도체장비,2.12,-6.39,10
주성엔지니어링,036930,반도체와반도체장비,8.08,-5.81,10
인텍플러스,064290,반도체와반도체장비,3.59,-3.19,10
한국콜마,161890,화장품,-5.84,-17.36,3
코스맥스,192820,화장품,-0.65,-4.22,3
한국화장품제조,003350,화장품,-3.51,-9.32,3
현대해상,001450,손해보험,-1.98,-13.8,2
코리안리,003690,손해보험,-0.68,-7.15,2
가온전선,000500,전기장비,-3.59,-17.8,2
지엔씨에너지,119850,전기장비,-6.58,-18.14,2
심텍,222800,전자장비와기기,1.41,-5.37,2
슈프리마,236200,전자장비와기기,0.55,-15.23,2
코람코더원리츠,417310,부동산,0.21,-0.42,1
인제니아테라퓨틱스(Reg.S),950260,생물공학,-9.14,-15.36,1
현대그린푸드,453340,식품,0.21,-4.61,1
한국공항,005430,운송인프라,-0.52,-7.31,1
신한지주,055550,은행,-3.68,-14.59,1
삼영무역,002810,화학,0.0,-12.42,1
