종목명,종목코드,GLB5Y,GLB_P5Y
SFA반도체,036540,11640,0.5
GS,078930,105000,1.0
코메론,049430,23650,3.3
슈프리마,236200,57000,3.4
S-Oil,010950,177100,5.0
현대해상,001450,49700,5.4
KB발해인프라,415640,10600,5.6
주성엔지니어링,036930,283000,5.8
코리안리,003690,15400,5.9
KB금융,105560,172500,6.0
저스템,417840,22250,6.5
하나금융지주,086790,133700,7.6
신한지주,055550,107200,7.7
KT&G,033780,192400,8.5
맵스리얼티,094800,8190,9.6
삼영무역,002810,23600,9.8
한국화장품제조,003350,17880,10.1
월덱스,101160,35400,10.1
케이아이엔엑스,093320,145100,10.7
SK가스,018670,302000,11.0
파크시스템스,140860,350500,12.3
코웨이,021240,114700,13.1
한양디지텍,078350,44300,13.7
유니퀘스트,077500,11350,14.1
하나마이크론,067310,58500,14.3
한국기업평가,034950,118500,14.5
DB손해보험,005830,214000,14.7
한국쉘석유,002960,620000,14.8
KISCO홀딩스,001940,29450,15.9
인바디,041830,59600,16.9
티씨케이,064760,348500,16.9
비엠티,086670,22200,17.6
펌텍코리아,251970,77000,17.6
메리츠금융지주,138040,149800,17.7
미코,059090,29250,17.9
매커스,093520,33850,18.4
롯데렌탈,089860,60900,18.5
이오테크닉스,039030,623000,18.9
RF머트리얼즈,327260,63420,19.2
가온전선,000500,352860,19.4
오킨스전자,080580,33200,19.4
빅솔론,093190,9870,19.5
에이플러스에셋,244920,14990,19.7
고영,098460,45000,20.0
제너셈,217190,12113,20.4
티에프이,425420,77700,20.5
에이팩트,200470,13100,21.4
메카로,241770,48000,21.7
GST,083450,70800,22.7
삼성화재,000810,757000,23.7
상신이디피,091580,31550,23.7
프로티아,303360,7350,23.9
삼화콘덴서,001820,196800,24.3
국보디자인,066620,31400,24.6
INVENI,015360,18190,24.8
