종목코드,종목명,GLB,GLB_P,Date
000500,가온전선,352860.0,17.42,2026-09-28
446540,메가터치,10990.0,9.24,2026-09-28
051160,지어소프트,14330.0,10.4,2026-09-28
010950,S-Oil,177100.0,9.19,2026-09-28
192820,코스맥스,287000.0,5.9,2026-09-28
006360,GS건설,44850.0,26.16,2026-09-28
053260,금강철강,8770.0,25.46,2026-09-28
088350,한화생명,7560.0,29.9,2026-09-28
005830,DB손해보험,214000.0,12.1,2026-09-28
086670,비엠티,22200.0,13.44,2026-09-28
236200,슈프리마,57000.0,2.7,2026-09-28
041960,코미팜,10790.0,8.99,2026-09-28
096530,씨젠,36650.0,6.85,2026-09-28
028670,팬오션,6870.0,20.53,2026-09-28
316140,우리금융지주,41500.0,14.01,2026-09-28
138040,메리츠금융지주,149800.0,12.29,2026-09-28
180640,한진칼,175900.0,24.49,2026-09-28
175330,JB금융지주,38500.0,23.4,2026-09-28
003690,코리안리,15400.0,3.56,2026-09-28
294870,IPARK현대산업개발,28200.0,18.49,2026-09-28
443060,HD현대마린솔루션,287000.0,16.9,2026-09-28
021240,코웨이,114700.0,12.89,2026-09-28
