종목명,종목코드,Market,Date
한국첨단소재,062970,KOSDAQ,2026-09-16
서산,079650,KOSDAQ,2026-09-09
티이엠씨,425040,KOSDAQ,2026-09-21
금호전기,001210,KOSPI,2026-09-18
흥구석유,024060,KOSDAQ,2026-09-14
금강철강,053260,KOSDAQ,2026-09-09
녹십자웰빙,234690,KOSDAQ,2026-09-03
액스비스,0011A0,KOSDAQ,2026-09-11
나라스페이스테크놀로지,478340,KOSDAQ,2026-09-23
씨피시스템,413630,KOSDAQ,2026-09-16
한국석유,004090,KOSPI,2026-09-10
우리로,046970,KOSDAQ,2026-09-18
동국생명과학,303810,KOSDAQ,2026-09-28
지투파워,388050,KOSDAQ,2026-09-08
삼미금속,012210,KOSDAQ,2026-09-07
드림시큐리티,203650,KOSDAQ,2026-09-14
빛과전자,069540,KOSDAQ,2026-09-10
JW신약,067290,KOSDAQ,2026-09-15
빛샘전자,072950,KOSDAQ,2026-09-30
라온시큐어,042510,KOSDAQ,2026-09-15
원익,032940,KOSDAQ,2026-09-10
현대약품,004310,KOSPI,2026-09-17
레메디,387690,KOSDAQ,2026-09-28
매드업,0039P0,KOSDAQ,2026-09-28
한켐,457370,KOSDAQ,2026-09-17
신스틸,162300,KOSDAQ,2026-09-09
한빛레이저,452190,KOSDAQ,2026-09-29
한국화장품제조,003350,KOSPI,2026-09-11
넥스틸,092790,KOSPI,2026-09-10
삼익제약,014950,KOSDAQ,2026-09-28
KBI메탈,024840,KOSDAQ,2026-09-18
